{
   "average_last_epoch_train_loss": 0.2395754313096404,
   "average_last_epoch_train_r2": 0.7498773336410522,
   "average_last_epoch_validation_loss": 0.2357981026172638,
   "average_last_epoch_validation_r2": 0.7267653346061707,
   "average_epoch_training_duration": 0.3763749361038208,
   "inference_latency": 0.00022301077842712402
}