{"neg_mean_squared_error": -11174.528767306212, "r2": 0.34954889804315964}