{"mean_squared_error": 10236.099136853638, "r2": 0.41141008974251003}