{"neg_mean_squared_error": -9537.77200316343, "r2": 0.3539176366072581}