{"accuracy": 0.39490374873353595, "precision_macro": 0.4117659653871878, "recall_macro": 0.38311125490296793, "f1_macro": 0.37164023349660447}