{"accuracy": 0.4033637284701115, "precision_macro": 0.40175750138109007, "recall_macro": 0.3991893939393939, "f1_macro": 0.39042060560602243}