{
   "average_last_epoch_train_loss": 0.18624469824135303,
   "average_last_epoch_train_r2": 0.7882335186004639,
   "average_last_epoch_validation_loss": 0.12602048553526402,
   "average_last_epoch_validation_r2": 0.8383426666259766,
   "average_epoch_training_duration": 0.6333255529403686,
   "inference_latency": 0.00039352774620056153
}