{"neg_mean_squared_error": -10797.095993266188, "r2": 0.2672790679181241}