{"mean_squared_error": 11293.316426705369, "r2": 0.34554549878160684}