{"neg_mean_squared_error": -14274.676823686945, "r2": 0.15178627111501744}