{"neg_mean_squared_error": -1.0603241621047872, "r2": -0.004604355283951274}