{"neg_mean_squared_error": -0.1809812497816866, "r2": 0.8286861415734997}