{"accuracy": 0.34661600810536985, "precision_macro": 0.3424747606945354, "recall_macro": 0.33814138926207893, "f1_macro": 0.31409289945240815}