{"accuracy": 0.3607396149949341, "precision_macro": 0.36409157118452157, "recall_macro": 0.3583071353933423, "f1_macro": 0.3363639133166791}