{"accuracy": 0.3807497467071935, "precision_macro": 0.3777846054235946, "recall_macro": 0.37349233061051745, "f1_macro": 0.37049425237213096}