{"accuracy": 0.407629179331307, "precision_macro": 0.4113134242737496, "recall_macro": 0.4045244439468577, "f1_macro": 0.40069211808689476}