{"mean_squared_error": 10879.724191280471, "r2": 0.3729914932548091}