{"neg_mean_squared_error": -9832.129946582658, "r2": 0.3421604515831456}