{"neg_mean_squared_error": -11667.41305975308, "r2": 0.32959099593775965}