{"accuracy": 0.3963829787234042, "precision_macro": 0.3991615802642207, "recall_macro": 0.3875784136454325, "f1_macro": 0.3791876709160854}