{"accuracy": 0.3792806484295846, "precision_macro": 0.3881832133293034, "recall_macro": 0.3763715479922377, "f1_macro": 0.3668006462079775}