{"neg_mean_squared_error": -9563.987466527708, "r2": 0.3518574685142665}