{"mean_squared_error": 10118.076742253943, "r2": 0.4166681275911455}