{"neg_mean_squared_error": -11005.69878056318, "r2": 0.36215153878624234}