{"mean_squared_error": 15624.00964743595, "r2": 0.09454502791551819}