{"neg_mean_squared_error": -1.0610578821056433, "r2": -0.005321429922976684}